tourney_id,tourney_name,surface,draw_size,tourney_level,indoor,tourney_date,match_num,winner_id,winner_seed,winner_entry,winner_name,winner_hand,winner_ht,winner_ioc,winner_age,winner_rank,winner_rank_points,loser_id,loser_seed,loser_entry,loser_name,loser_hand,loser_ht,loser_ioc,loser_age,loser_rank,loser_rank_points,score,best_of,round,minutes,w_ace,w_df,w_svpt,w_1stIn,w_1stWon,w_2ndWon,w_SvGms,w_bpSaved,w_bpFaced,l_ace,l_df,l_svpt,l_1stIn,l_1stWon,l_2ndWon,l_SvGms,l_bpSaved,l_bpFaced
2026-3009,Cancun,Hard,28,C,O,20260817,1,U182,5,,Camilo Ugo Carabelli,R,185,ARG,27.168,76,790,M0AW,,,Nicolas Mejia,R,183,COL,26.513,129,485,7-5 6-4,3,R32,114,2,0,57,43,34,11,11,0,0,4,4,72,37,24,23,11,4,6
2026-3009,Cancun,Hard,28,C,O,20260817,2,W0BH,6,,Coleman Wong,R,191,HKG,22.196,92,680,MP20,,,Alexandre Muller,R,183,FRA,29.539,135,445,6-2 6-2,3,R32,77,12,3,55,32,26,11,8,4,4,6,1,49,24,15,10,8,3,7
2026-3009,Cancun,Hard,28,C,O,20260817,3,EA13,,,Moez Echargui,R,178,TUN,33.599,194,287,V0AM,,,Otto Virtanen,R,193,FIN,25.155,114,564,7-6(5) 7-6(5),3,R32,118,4,2,81,48,37,20,12,2,4,11,5,87,56,38,17,12,3,5
2026-3009,Cancun,Hard,28,C,O,20260817,4,HG86,,,Lloyd Harris,R,193,RSA,29.476,179,317,B0NO,,,Darwin Blanch,L,185,USA,18.886,221,249,6-4 6-2,3,R32,71,4,0,52,37,29,9,9,1,1,3,2,54,34,24,8,9,2,5
2026-3009,Cancun,Hard,28,C,O,20260817,5,K0O4,,,Moise Kouame,R,191,FRA,17.448,212,263,MW75,,,Felipe Meligeni Alves,R,185,BRA,28.49,560,71,6-1 6-4,3,R32,101,7,5,63,33,26,14,9,3,4,1,1,49,31,20,5,8,4,8
2026-3009,Cancun,Hard,28,C,O,20260817,6,M0HD,,,Alan Magadan,R,183,MEX,25.227,554,74,H0CD,,,Alex Hernandez,R,175,MEX,27.151,459,99,4-6 6-0 6-4,3,R32,159,7,1,97,68,42,15,13,10,13,4,3,107,73,41,13,13,12,18
2026-3009,Cancun,Hard,28,C,O,20260817,7,O0A2,,,Gauthier Onclin,R,180,BEL,25.47,167,339,S0GR,,,Timofey Skatov,R,173,KAZ,25.569,147,391,2-6 6-2 6-3,3,R32,148,4,1,78,54,39,11,13,7,10,4,2,89,58,34,16,12,4,8
2026-3009,Cancun,Hard,28,C,O,20260817,8,P0J1,,,Rodrigo Pacheco Mendez,L,191,MEX,21.311,293,188,BS86,,,Tomas Barrios Vera,R,191,CHI,28.684,145,400,7-6(5) 6-2,3,R32,126,5,2,77,46,32,20,10,5,6,2,1,62,40,27,11,10,3,6
2026-3009,Cancun,Hard,28,C,O,20260817,9,L0CX,,,Pablo Llamas Ruiz,R,188,ESP,23.844,127,489,C0DF,8,,Francisco Comesana,R,178,ARG,25.862,107,603,6-3 7-5,3,R32,115,2,2,72,44,27,15,10,3,6,7,0,59,36,19,9,11,1,7
2026-3009,Cancun,Hard,28,C,O,20260817,10,R0GO,,,Henrique Rocha,R,180,POR,22.363,125,509,HC21,,,Seongchan Hong,R,175,KOR,29.131,,,6-4 6-1,3,R32,120,3,2,61,32,23,14,8,10,12,4,5,80,36,20,16,9,10,16
2026-3009,Cancun,Hard,28,C,O,20260817,11,SX50,7,,Roman Safiullin,R,185,RUS,29.027,102,648,O513,,,Sebastian Ofner,R,191,AUT,30.264,126,505,6-3 6-4,3,R32,90,3,1,72,42,27,22,10,9,10,5,5,55,28,19,11,9,5,8
2026-3009,Cancun,Hard,28,C,O,20260817,12,W367,,,Stan Wawrinka,R,183,SUI,41.388,124,513,S0GD,,,Dalibor Svrcina,R,178,CZE,23.874,111,574,7-6(6) 7-6(3),3,R32,154,3,4,96,54,40,24,12,4,5,3,6,82,54,38,18,12,2,3
2026-3009,Cancun,Hard,28,C,O,20260817,13,B0BI,1,,Sebastian Baez,R,170,ARG,25.634,48,1000,P0J1,,,Rodrigo Pacheco Mendez,L,191,MEX,21.311,293,188,6-4 6-3,3,R16,94,2,3,62,36,28,15,10,2,3,1,4,63,37,24,11,9,7,10
2026-3009,Cancun,Hard,28,C,O,20260817,14,K0O4,,,Moise Kouame,R,191,FRA,17.448,212,263,B0FV,2,,Roman Andres Burruchaga,R,183,ARG,24.564,56,962,6-2 6-2,3,R16,84,3,2,47,29,23,11,8,1,1,1,4,50,32,16,8,8,1,5
2026-3009,Cancun,Hard,28,C,O,20260817,15,HB71,,,Hubert Hurkacz,R,196,POL,29.511,72,865,R0GO,,,Henrique Rocha,R,180,POR,22.363,125,509,6-2 4-6 6-4,3,R16,138,12,1,75,58,42,9,14,2,4,4,4,93,64,40,16,14,7,11
2026-3009,Cancun,Hard,28,C,O,20260817,16,KI82,4,,Vit Kopriva,R,178,CZE,29.172,71,868,O0A2,,,Gauthier Onclin,R,180,BEL,25.47,167,339,6-4 6-4,3,R16,85,13,1,48,36,32,8,10,0,0,2,2,65,34,23,17,10,1,3
2026-3009,Cancun,Hard,28,C,O,20260817,17,EA13,,,Moez Echargui,R,178,TUN,33.599,194,287,U182,5,,Camilo Ugo Carabelli,R,185,ARG,27.168,76,790,6-2 5-0 RET,3,R16,77,3,2,44,27,19,7,7,2,4,0,3,44,27,11,4,6,3,9
2026-3009,Cancun,Hard,28,C,O,20260817,18,W0BH,6,,Coleman Wong,R,191,HKG,22.196,92,680,M0HD,,,Alan Magadan,R,183,MEX,25.227,554,74,6-4 1-6 7-6(3),3,R16,137,18,4,97,49,40,24,14,3,5,5,2,89,54,43,19,15,3,4
2026-3009,Cancun,Hard,28,C,O,20260817,19,SX50,7,,Roman Safiullin,R,185,RUS,29.027,102,648,W367,,,Stan Wawrinka,R,183,SUI,41.388,124,513,6-3 6-4,3,R16,71,5,0,51,31,25,17,10,3,3,3,2,54,24,16,19,9,0,2
2026-3009,Cancun,Hard,28,C,O,20260817,20,HG86,,,Lloyd Harris,R,193,RSA,29.476,179,317,L0CX,,,Pablo Llamas Ruiz,R,188,ESP,23.844,127,489,6-4 4-3 RET,3,R16,75,10,1,53,36,26,9,8,5,6,1,1,57,41,26,7,9,4,7
2026-3009,Cancun,Hard,28,C,O,20260817,21,B0BI,1,,Sebastian Baez,R,170,ARG,25.634,48,1000,W0BH,6,,Coleman Wong,R,191,HKG,22.196,92,680,6-4 6-0,3,QF,78,3,2,43,27,23,9,8,0,0,7,4,58,24,14,14,8,6,10
2026-3009,Cancun,Hard,28,C,O,20260817,22,HB71,,,Hubert Hurkacz,R,196,POL,29.511,72,865,SX50,7,,Roman Safiullin,R,185,RUS,29.027,102,648,6-4 6-3,3,QF,108,7,4,75,54,41,8,10,9,9,4,3,54,35,25,10,9,2,4
2026-3009,Cancun,Hard,28,C,O,20260817,23,HG86,,,Lloyd Harris,R,193,RSA,29.476,179,317,KI82,4,,Vit Kopriva,R,178,CZE,29.172,71,868,7-5 6-4,3,QF,111,8,1,71,46,33,14,11,10,12,2,1,63,37,24,12,11,4,8
2026-3009,Cancun,Hard,28,C,O,20260817,24,EA13,,,Moez Echargui,R,178,TUN,33.599,194,287,K0O4,,,Moise Kouame,R,191,FRA,17.448,212,263,6-4 2-6 7-6(5),3,QF,197,6,4,98,53,32,25,15,4,9,9,7,111,63,45,20,15,4,8
2026-3009,Cancun,Hard,28,C,O,20260817,25,B0BI,1,,Sebastian Baez,R,170,ARG,25.634,48,1000,HG86,,,Lloyd Harris,R,193,RSA,29.476,179,317,6-4 6-4,3,SF,85,2,1,49,34,29,9,10,0,1,4,1,58,35,24,10,10,3,6
2026-3009,Cancun,Hard,28,C,O,20260817,26,HB71,,,Hubert Hurkacz,R,196,POL,29.511,72,865,EA13,,,Moez Echargui,R,178,TUN,33.599,194,287,6-3 6-4,3,SF,124,12,1,63,36,32,12,10,2,2,1,1,65,35,23,15,9,5,7
2026-3103,Quebec City,Hard,28,C,O,20260817,1,V832,5,,Aleksandar Vukic,R,188,AUS,30.363,101,649,J0AZ,,,Kyrian Jacquet,R,175,FRA,25.268,121,521,7-6(5) 6-1,3,R32,76,10,0,62,36,30,18,10,4,4,6,2,53,29,21,14,9,1,3
2026-3103,Quebec City,Hard,28,C,O,20260817,2,B0U4,,,Nicolai Budkov Kjaer,R,191,NOR,19.959,152,373,Y09V,,,Yunchaokete Bu,R,185,CHN,24.575,118,546,6-3 6-1,3,R32,76,6,1,42,24,19,14,8,0,0,3,6,56,19,13,15,8,4,8
2026-3103,Quebec City,Hard,28,C,O,20260817,3,PH64,,,Andrea Pellegrino,R,185,ITA,29.402,134,454,B0NN,,,Nishesh Basavareddy,R,180,USA,21.292,146,399,3-6 6-3 6-4,3,R32,133,11,1,75,41,33,21,14,0,1,10,4,95,48,31,30,14,7,9
2026-3103,Quebec City,Hard,28,C,O,20260817,4,P09Z,,,Alexei Popyrin,R,196,AUS,27.034,139,430,M0IF,,,Francesco Maestrelli,R,196,ITA,23.655,161,349,6-4 7-6(4),3,R32,106,6,0,62,40,32,15,11,0,1,5,2,76,46,30,18,11,5,7
2026-3103,Quebec City,Hard,28,C,O,20260817,5,S0UV,,,Rei Sakamoto,R,193,JPN,20.148,165,344,R09X,,,Jurij Rodionov,L,191,AUT,27.255,132,463,6-1 6-4,3,R32,80,3,2,59,43,32,8,9,2,2,3,5,62,28,19,15,8,8,11
2026-3103,Quebec City,Hard,28,C,O,20260817,6,GK06,,,Alexis Galarneau,R,180,CAN,27.461,175,320,P0HW,7,,Dino Prizmic,R,188,CRO,21.032,98,652,6-4 6-4,3,R32,105,2,4,65,32,22,20,10,2,3,2,6,64,31,20,15,10,2,5
2026-3103,Quebec City,Hard,28,C,O,20260817,7,F0BY,,,Jacob Fearnley,R,183,GBR,25.09,110,574,MK66,,,Mackenzie McDonald,R,178,USA,31.337,144,405,6-4 7-5,3,R32,107,2,3,73,39,26,19,11,3,5,1,3,70,40,23,16,11,3,7
2026-3103,Quebec City,Hard,28,C,O,20260817,8,KF17,,,Soonwoo Kwon,R,180,KOR,28.706,153,371,M0HU,,,Shintaro Mochizuki,R,175,JPN,23.209,117,547,7-5 4-6 6-3,3,R32,125,10,11,91,48,33,21,16,4,9,4,8,85,38,26,19,15,7,13
2026-3103,Quebec City,Hard,28,C,O,20260817,9,DA81,,,Taro Daniel,R,191,JPN,33.552,183,311,C0OF,,,Duncan Chan,R,183,CAN,21.051,606,63,6-3 6-2,3,R32,69,1,0,46,27,20,12,9,0,1,5,2,51,34,22,5,8,2,6
2026-3103,Quebec City,Hard,28,C,O,20260817,10,S0KT,,,Stefanos Sakellaridis,R,198,GRE,21.925,155,368,BV16,,,Ugo Blanchet,R,175,FRA,27.614,190,296,6-4 3-6 6-2,3,R32,115,18,5,89,49,38,21,13,6,8,4,3,83,43,29,22,14,8,12
2026-3103,Quebec City,Hard,28,C,O,20260817,11,BM95,6,,Benjamin Bonzi,R,183,FRA,30.188,103,639,B0F8,,,Justin Boulais,L,183,CAN,24.824,391,125,7-6(4) 6-3,3,R32,104,3,6,86,53,37,16,11,6,8,1,4,62,31,22,17,10,3,6
2026-3103,Quebec City,Hard,28,C,O,20260817,12,D0C1,8,,Jesper de Jong,R,180,NED,26.212,105,618,S0IA,,,Dane Sweeny,R,170,AUS,25.509,122,518,7-5 6-0,3,R32,77,9,5,57,37,27,11,9,3,4,2,6,47,28,18,6,9,1,6
2026-3103,Quebec City,Hard,28,C,O,20260817,13,BU13,1,,Zizou Bergs,R,185,BEL,27.206,34,1340,PH64,,,Andrea Pellegrino,R,185,ITA,29.402,134,454,6-3 6-2,3,R16,72,8,3,56,29,25,15,9,2,2,1,4,65,31,18,17,8,4,7
2026-3103,Quebec City,Hard,28,C,O,20260817,14,V0DZ,2,,Luca Van Assche,R,178,FRA,22.267,49,998,S0UV,,,Rei Sakamoto,R,193,JPN,20.148,165,344,4-6 6-4 7-6(3),3,R16,161,3,13,107,67,47,19,16,5,9,8,3,95,57,44,16,16,3,7
2026-3103,Quebec City,Hard,28,C,O,20260817,15,DA81,,,Taro Daniel,R,191,JPN,33.552,183,311,CH12,3,,Jan Choinski,R,196,GBR,30.185,77,770,6-4 6-3,3,R16,77,7,1,45,25,22,13,9,0,1,3,4,64,35,25,10,10,3,7
2026-3103,Quebec City,Hard,28,C,O,20260817,16,G09O,4,,Hugo Gaston,L,173,FRA,25.889,96,672,P09Z,,,Alexei Popyrin,R,196,AUS,27.034,139,430,5-2 RET,3,R16,29,4,0,21,15,13,3,4,0,0,1,1,20,15,9,2,3,1,2
2026-3103,Quebec City,Hard,28,C,O,20260817,17,S0KT,,,Stefanos Sakellaridis,R,198,GRE,21.925,155,368,V832,5,,Aleksandar Vukic,R,188,AUS,30.363,101,649,6-4 6-4,3,R16,84,8,3,60,37,28,14,10,3,3,3,3,60,35,26,11,10,1,3
2026-3103,Quebec City,Hard,28,C,O,20260817,18,F0BY,,,Jacob Fearnley,R,183,GBR,25.09,110,574,GK06,,,Alexis Galarneau,R,180,CAN,27.461,175,320,6-2 6-3,3,R16,80,4,3,49,29,24,13,9,0,1,1,6,56,28,14,14,8,5,9
2026-3103,Quebec City,Hard,28,C,O,20260817,19,D0C1,8,,Jesper de Jong,R,180,NED,26.212,105,618,B0U4,,,Nicolai Budkov Kjaer,R,191,NOR,19.959,152,373,6-3 6-1,3,R16,71,3,3,48,27,22,14,8,2,2,4,1,58,33,19,11,8,4,8
2026-3103,Quebec City,Hard,28,C,O,20260817,20,S0KT,,,Stefanos Sakellaridis,R,198,GRE,21.925,155,368,BU13,1,,Zizou Bergs,R,185,BEL,27.206,34,1340,7-6(3) 4-6 6-4,3,QF,145,9,10,113,65,51,23,16,3,5,7,6,89,57,44,19,16,2,4
2026-3103,Quebec City,Hard,28,C,O,20260817,21,V0DZ,2,,Luca Van Assche,R,178,FRA,22.267,49,998,BM95,6,,Benjamin Bonzi,R,183,FRA,30.188,103,639,7-6(2) 7-5,3,QF,114,4,8,74,45,30,16,12,3,6,3,4,74,42,29,11,12,2,6
2026-3103,Quebec City,Hard,28,C,O,20260817,22,G09O,4,,Hugo Gaston,L,173,FRA,25.889,96,672,D0C1,8,,Jesper de Jong,R,180,NED,26.212,105,618,7-6(2) 6-1,3,QF,79,2,2,55,25,18,18,9,1,3,3,5,55,29,17,9,10,3,8
2026-3103,Quebec City,Hard,28,C,O,20260817,23,DA81,,,Taro Daniel,R,191,JPN,33.552,183,311,F0BY,,,Jacob Fearnley,R,183,GBR,25.09,110,574,6-4 6-1,3,QF,89,2,1,59,30,19,17,8,9,10,1,2,60,30,16,13,9,5,10
2026-3121,Kingston 1,Hard,32,C,O,20260817,1,R0EB,1,,Valentin Royer,R,188,FRA,25.218,78,763,M0WY,,,Guto Miguel,,,,,835,31,6-1 6-7(3) 6-2,3,R32,178,1,6,91,50,28,22,14,2,6,4,8,102,58,36,11,13,9,17
2026-3121,Kingston 1,Hard,32,C,O,20260817,2,RD48,,,Igor Marcondes,L,185,BRA,29.169,310,175,G0DH,,,Alvaro Guillen Meza,R,175,ECU,23.622,278,199,6-4 6-2,3,R32,77,3,2,47,29,22,12,9,0,1,0,5,56,33,20,8,9,2,6
2026-3121,Kingston 1,Hard,32,C,O,20260817,3,PH71,,,Max Purcell,R,185,AUS,28.372,1038,17,B0I5,,,Blaise Bicknell,R,191,JAM,24.723,373,134,6-4 6-7(3) 6-3,3,R32,136,9,3,96,60,49,21,16,3,3,9,3,107,79,57,14,15,5,7
2026-3121,Kingston 1,Hard,32,C,O,20260817,4,Y218,,,Elias Ymer,R,185,SWE,30.352,208,266,J0A4,,,Paul Jubb,R,180,GBR,26.795,375,131,6-4 6-4,3,R32,104,5,0,59,42,25,12,10,2,4,3,1,67,46,30,6,10,4,8
2026-3121,Kingston 1,Hard,32,C,O,20260817,5,M0RX,,,Kenta Miyoshi,R,185,JPN,22.42,525,80,S0WT,3,,Joel Schwaerzler,L,188,AUT,20.553,182,315,6-2 7-5,3,R32,97,2,4,64,26,20,25,10,5,5,0,5,72,32,22,18,10,4,7
2026-3121,Kingston 1,Hard,32,C,O,20260817,6,MO44,4,,Pedro Martinez,R,185,ESP,29.309,148,386,Z09K,,,Evan Zhu,R,185,USA,28.005,590,66,7-5 6-4,3,R32,108,0,2,66,50,31,5,11,3,7,3,3,67,41,21,12,11,3,9
2026-3121,Kingston 1,Hard,32,C,O,20260817,7,P0IY,5,,Juan Carlos Prado Angelo,R,185,BOL,21.448,151,375,FA43,,,Juan Pablo Ficovich,R,188,ARG,29.561,341,153,6-3 6-2,3,R32,85,2,3,66,41,26,14,9,3,5,0,1,48,30,11,9,8,2,7
2026-3121,Kingston 1,Hard,32,C,O,20260817,8,G0BY,6,,Daniil Glinka,L,188,EST,26.264,166,341,B0BU,,,Florent Bax,R,185,FRA,27.17,247,223,2-6 6-3 6-0,3,R32,145,2,6,79,47,28,14,11,4,8,0,3,83,47,27,13,12,12,19
2026-3121,Kingston 1,Hard,32,C,O,20260817,9,B0GR,7,,Gonzalo Bueno,R,173,PER,22.371,173,322,W0FH,,,Benjamin Willwerth,R,191,USA,19.121,1216,10,3-6 6-2 6-2,3,R32,128,1,8,90,45,27,26,12,8,10,2,6,91,48,33,17,13,10,15
2026-3121,Kingston 1,Hard,32,C,O,20260817,10,AG08,,,Andy Andrade,R,180,ECU,27.674,251,219,D0DP,,,Liam Draxl,R,185,CAN,24.698,209,265,6-2 6-3,3,R32,80,5,0,40,28,23,8,8,1,2,2,2,51,33,19,6,9,2,7
2026-3121,Kingston 1,Hard,32,C,O,20260817,11,C0BH,,,Clement Chidekh,R,180,FRA,25.177,202,280,CI14,,,Jay Clarke,R,183,GBR,28.057,238,236,6-3 4-6 6-4,3,R32,148,4,4,88,56,40,16,15,5,8,4,0,76,46,30,16,14,4,8
2026-3121,Kingston 1,Hard,32,C,O,20260817,12,J0B5,,,Garrett Johns,R,180,USA,25.665,381,130,S0IV,,,Paulo Andre Saraiva Dos Santos,R,180,BRA,26.149,527,80,2-6 6-4 3-2 RET,3,R32,154,1,1,70,42,26,12,11,7,13,4,3,73,35,20,18,12,3,9
2026-3121,Kingston 1,Hard,32,C,O,20260817,13,W0C4,,,Edward Winter,R,178,AUS,21.919,348,149,C0N2,,,John Chin,L,183,JAM,22.921,,,6-1 6-1,3,R32,70,1,0,48,39,25,6,7,6,7,1,3,42,24,8,6,7,5,11
2026-3121,Kingston 1,Hard,32,C,O,20260817,14,Z0AK,,,Tyler Zink,R,185,USA,25.544,320,164,A0L6,,,Lucas Andrade Da Silva,,,BRA,21.558,810,34,7-5 5-7 6-4,3,R32,194,12,4,114,66,46,27,17,3,5,4,8,105,70,53,15,17,6,9
2026-3121,Kingston 1,Hard,32,C,O,20260817,15,M0G4,,,Harold Mayot,R,180,FRA,24.531,255,217,H0DU,2,,Gustavo Heide,R,191,BRA,24.465,131,474,6-3 6-2,3,R32,98,6,3,53,32,22,12,9,3,5,2,6,52,27,15,8,8,1,6
2026-3121,Kingston 1,Hard,32,C,O,20260817,16,M0OH,8,,Lautaro Midon,R,180,ARG,22.385,191,293,M0C2,,,Dan Martin,R,175,CAN,27.274,630,58,6-3 5-7 6-4,3,R32,150,5,6,88,36,26,28,15,4,8,1,7,97,61,37,15,16,2,8
2026-3121,Kingston 1,Hard,32,C,O,20260817,17,R0EB,1,,Valentin Royer,R,188,FRA,25.218,78,763,Z0AK,,,Tyler Zink,R,185,USA,25.544,320,164,6-3 7-5,3,R16,110,7,2,58,39,32,11,10,3,3,4,4,79,46,30,16,11,9,12
2026-3121,Kingston 1,Hard,32,C,O,20260817,18,MO44,4,,Pedro Martinez,R,185,ESP,29.309,148,386,J0B5,,,Garrett Johns,R,180,USA,25.665,381,130,6-4 6-1,3,R16,92,2,0,41,24,19,11,8,0,1,2,0,65,43,24,7,9,4,9
2026-3121,Kingston 1,Hard,32,C,O,20260817,19,P0IY,5,,Juan Carlos Prado Angelo,R,185,BOL,21.448,151,375,AG08,,,Andy Andrade,R,180,ECU,27.674,251,219,3-6 6-3 6-2,3,R16,143,1,4,102,55,39,24,13,6,8,3,3,71,34,22,21,13,1,5
2026-3121,Kingston 1,Hard,32,C,O,20260817,20,G0BY,6,,Daniil Glinka,L,188,EST,26.264,166,341,Y218,,,Elias Ymer,R,185,SWE,30.352,208,266,6-4 6-3,3,R16,90,3,0,40,25,21,12,9,0,1,4,8,66,30,20,17,10,5,9
2026-3121,Kingston 1,Hard,32,C,O,20260817,21,B0GR,7,,Gonzalo Bueno,R,173,PER,22.371,173,322,W0C4,,,Edward Winter,R,178,AUS,21.919,348,149,6-4 6-2,3,R16,102,0,3,54,30,24,12,9,1,2,0,3,61,40,22,11,9,7,11
2026-3121,Kingston 1,Hard,32,C,O,20260817,22,M0OH,8,,Lautaro Midon,R,180,ARG,22.385,191,293,RD48,,,Igor Marcondes,L,185,BRA,29.169,310,175,6-7(3) 6-3 RET,3,R16,124,5,9,74,31,23,22,11,3,5,2,7,75,36,20,22,10,5,8
2026-3121,Kingston 1,Hard,32,C,O,20260817,23,C0BH,,,Clement Chidekh,R,180,FRA,25.177,202,280,M0RX,,,Kenta Miyoshi,R,185,JPN,22.42,525,80,6-2 6-4,3,R16,83,3,1,48,28,19,11,9,2,4,1,5,52,27,16,10,9,6,11
2026-3121,Kingston 1,Hard,32,C,O,20260817,24,M0G4,,,Harold Mayot,R,180,FRA,24.531,255,217,PH71,,,Max Purcell,R,185,AUS,28.372,1038,17,3-6 6-3 6-4,3,R16,144,8,2,82,46,35,19,14,3,6,12,1,82,46,35,17,14,4,8
2026-3121,Kingston 1,Hard,32,C,O,20260817,25,MO44,4,,Pedro Martinez,R,185,ESP,29.309,148,386,P0IY,5,,Juan Carlos Prado Angelo,R,185,BOL,21.448,151,375,6-7(4) 6-4 6-3,3,QF,189,2,6,95,56,44,18,16,2,4,1,3,109,69,50,13,15,10,14
2026-3121,Kingston 1,Hard,32,C,O,20260817,26,G0BY,6,,Daniil Glinka,L,188,EST,26.264,166,341,M0G4,,,Harold Mayot,R,180,FRA,24.531,255,217,6-3 6-4,3,QF,124,2,3,63,42,31,13,10,2,3,3,2,71,41,24,15,9,8,11
2026-3121,Kingston 1,Hard,32,C,O,20260817,27,C0BH,,,Clement Chidekh,R,180,FRA,25.177,202,280,M0OH,8,,Lautaro Midon,R,180,ARG,22.385,191,293,6-1 6-3,3,QF,81,2,1,57,38,28,7,8,3,4,0,3,45,27,14,7,8,3,8
2026-3121,Kingston 1,Hard,32,C,O,20260817,28,R0EB,1,,Valentin Royer,R,188,FRA,25.218,78,763,B0GR,7,,Gonzalo Bueno,R,173,PER,22.371,173,322,6-1 6-1,3,QF,60,1,1,37,25,19,9,7,0,0,0,4,42,19,10,7,7,1,6
2026-3121,Kingston 1,Hard,32,C,O,20260817,29,R0EB,1,,Valentin Royer,R,188,FRA,25.218,78,763,C0BH,,,Clement Chidekh,R,180,FRA,25.177,202,280,2-6 7-5 6-1,3,SF,139,4,2,77,46,31,15,14,4,8,0,6,82,51,35,13,13,5,10
2026-3121,Kingston 1,Hard,32,C,O,20260817,30,MO44,4,,Pedro Martinez,R,185,ESP,29.309,148,386,G0BY,6,,Daniil Glinka,L,188,EST,26.264,166,341,7-5 6-3,3,SF,116,0,3,69,44,30,13,10,5,6,3,2,70,44,28,10,11,6,10
2026-3123,Roehampton 1,Hard,32,C,O,20260817,1,M0K4,1,,Elmer Moller,R,183,DEN,23.107,184,308,I0BF,,,Ivan Ivanov,R,,BUL,17.796,563,71,6-4 6-2,3,R32,76,2,0,51,25,19,18,9,0,0,1,2,63,43,24,11,9,6,9
2026-3123,Roehampton 1,Hard,32,C,O,20260817,2,R0IL,,,Iliyan Radulov,R,187,BUL,21.183,617,60,M0ON,7,,Johannus Monday,L,198,GBR,24.567,315,170,6-4 3-6 7-5,3,R32,142,8,4,102,67,53,14,15,6,7,14,2,89,66,51,12,16,3,5
2026-3123,Roehampton 1,Hard,32,C,O,20260817,3,B0C0,,,Adrian Boitan,R,185,ROU,27.102,435,108,LI10,,,Christian Langmo,R,191,USA,30.209,455,101,6-3 7-6(2),3,R32,108,6,1,62,45,39,10,11,0,0,11,1,76,46,35,13,10,7,8
2026-3123,Roehampton 1,Hard,32,C,O,20260817,4,C0RO,,,Mark Ceban,,,GBR,17.429,,,S0NT,,,Anton Shepp,R,185,NZL,23.797,490,91,6-1 6-3,3,R32,54,5,3,41,30,26,6,8,0,0,4,0,43,31,22,2,8,2,6
2026-3123,Roehampton 1,Hard,32,C,O,20260817,5,DC76,,,Viktor Durasovic,R,185,NOR,29.413,475,94,D0JI,,,Manas Dhamne,R,183,IND,18.634,362,139,6-4 4-6 6-3,3,R32,133,8,2,91,52,34,20,15,6,11,1,3,97,66,43,9,14,8,14
2026-3123,Roehampton 1,Hard,32,C,O,20260817,6,P0DF,4,,Matheus Pucinelli De Almeida,R,183,BRA,25.377,277,199,M0DY,,,Peter Makk,R,180,HUN,24.824,546,75,6-3 6-1,3,R32,69,2,1,39,26,22,8,8,0,1,0,3,58,32,16,11,8,7,12
2026-3123,Roehampton 1,Hard,32,C,O,20260817,7,M0NJ,,,Lui Maxted,R,180,GBR,22.708,396,123,MW76,5,,Matteo Martineau,R,183,FRA,27.584,283,195,7-5 7-6(1),3,R32,114,2,2,82,68,49,4,12,3,5,7,7,79,58,41,8,12,5,8
2026-3123,Roehampton 1,Hard,32,C,O,20260817,8,BV21,,,Charles Broom,R,178,GBR,28.315,287,192,PF65,,,Filip Peliwo,R,180,POL,32.545,547,75,6-1 6-1,3,R32,62,5,0,46,29,23,8,7,3,3,3,2,46,26,14,6,7,6,11
2026-3123,Roehampton 1,Hard,32,C,O,20260817,9,GG65,8,,Michael Geerts,R,178,BEL,31.581,339,156,B0OI,,,Billy Blaydes,,,GBR,22.689,1512,4,6-3 7-6(6),3,R32,98,7,0,66,43,31,13,10,2,3,12,2,85,60,39,10,11,4,7
2026-3123,Roehampton 1,Hard,32,C,O,20260817,10,A829,,,Radu Albot,R,175,MDA,36.764,507,87,BU53,,,Constantin Bittoun Kouzmine,L,178,FRA,27.617,424,113,6-2 6-2,3,R32,73,4,2,44,31,24,8,8,2,3,3,1,55,40,18,6,8,6,11
2026-3123,Roehampton 1,Hard,32,C,O,20260817,11,B0NV,,,Patrick Brady,R,188,GBR,21.755,827,32,D0D2,,,Alec Deckers,R,193,NED,26.292,577,68,6-4 7-6(4),3,R32,118,6,2,69,54,42,9,11,3,3,7,0,67,40,28,19,11,0,1
2026-3123,Roehampton 1,Hard,32,C,O,20260817,12,M0FA,,,Anton Matusevich,R,185,GBR,25.216,350,147,S0AQ,,,Yuta Shimizu,L,163,JPN,27.19,385,129,6-4 7-5,3,R32,80,9,6,65,35,26,14,11,3,6,7,4,67,40,25,10,11,1,6
2026-3123,Roehampton 1,Hard,32,C,O,20260817,13,RG42,,,Alex Rybakov,L,185,USA,29.552,502,89,Z0BL,,,Fares Zakaria,R,183,EGY,25.262,514,85,6-1 7-6(0),3,R32,97,5,0,52,36,33,11,10,0,0,3,3,79,52,33,10,9,7,9
2026-3123,Roehampton 1,Hard,32,C,O,20260817,14,T0GR,,,Oliver Tarvet,R,185,GBR,22.801,436,107,E0AU,,,John Echeverria,R,180,ESP,24.712,579,68,6-3 6-4,3,R32,116,7,3,60,37,27,15,10,0,1,1,1,67,37,26,11,9,5,8
2026-3123,Roehampton 1,Hard,32,C,O,20260817,15,PJ74,,,Lucas Poullain,R,175,FRA,30.7,500,90,B0JE,2,,Max Basing,R,180,GBR,23.874,250,219,6-0 7-6(5),3,R32,93,3,1,61,36,29,14,9,4,5,1,1,54,42,28,2,9,2,6
2026-3123,Roehampton 1,Hard,32,C,O,20260817,16,G0AO,3,,Alastair Gray,R,193,GBR,28.153,264,209,H0EK,,,Emile Hudd,R,193,GBR,26.223,517,84,4-6 6-3 6-2,3,R32,127,10,1,77,55,45,12,14,4,5,8,5,87,66,48,8,13,6,9
2026-3123,Roehampton 1,Hard,32,C,O,20260817,17,M0FA,,,Anton Matusevich,R,185,GBR,25.216,350,147,M0K4,1,,Elmer Moller,R,183,DEN,23.107,184,308,6-1 6-3,3,R16,58,7,1,40,30,27,5,8,0,0,2,5,46,20,13,9,8,0,4
2026-3123,Roehampton 1,Hard,32,C,O,20260817,18,T0GR,,,Oliver Tarvet,R,185,GBR,22.801,436,107,P0DF,4,,Matheus Pucinelli De Almeida,R,183,BRA,25.377,277,199,6-2 5-7 6-4,3,R16,156,10,2,91,61,49,12,15,6,8,3,0,87,64,44,10,15,4,8
2026-3123,Roehampton 1,Hard,32,C,O,20260817,19,GG65,8,,Michael Geerts,R,178,BEL,31.581,339,156,A829,,,Radu Albot,R,175,MDA,36.764,507,87,4-6 6-4 6-4,3,R16,141,12,2,95,50,36,25,15,4,6,3,6,89,51,37,20,15,1,4
2026-3123,Roehampton 1,Hard,32,C,O,20260817,20,C0RO,,,Mark Ceban,,,GBR,17.429,,,R0IL,,,Iliyan Radulov,R,187,BUL,21.183,617,60,6-1 7-6(5),3,R16,90,2,2,72,51,33,12,10,6,9,1,0,54,33,18,9,9,2,7
2026-3123,Roehampton 1,Hard,32,C,O,20260817,21,M0NJ,,,Lui Maxted,R,180,GBR,22.708,396,123,B0NV,,,Patrick Brady,R,188,GBR,21.755,827,32,6-4 4-6 7-5,3,R16,178,4,1,96,68,49,13,16,4,8,4,3,103,70,43,15,16,3,8
2026-3123,Roehampton 1,Hard,32,C,O,20260817,22,PJ74,,,Lucas Poullain,R,175,FRA,30.7,500,90,DC76,,,Viktor Durasovic,R,185,NOR,29.413,475,94,6-4 6-2,3,R16,75,7,0,52,38,29,5,9,2,4,1,1,57,27,16,12,9,3,8
2026-3123,Roehampton 1,Hard,32,C,O,20260817,23,B0C0,,,Adrian Boitan,R,185,ROU,27.102,435,108,G0AO,3,,Alastair Gray,R,193,GBR,28.153,264,209,4-6 6-3 6-2,3,R16,128,8,1,93,72,51,11,14,9,10,5,2,84,57,42,11,13,7,10
2026-3123,Roehampton 1,Hard,32,C,O,20260817,24,BV21,,,Charles Broom,R,178,GBR,28.315,287,192,RG42,,,Alex Rybakov,L,185,USA,29.552,502,89,7-5 6-3,3,R16,118,0,4,80,49,34,18,10,10,10,4,1,80,66,44,4,11,7,10
2026-3123,Roehampton 1,Hard,32,C,O,20260817,25,T0GR,,,Oliver Tarvet,R,185,GBR,22.801,436,107,BV21,,,Charles Broom,R,178,GBR,28.315,287,192,6-4 5-7 6-1,3,QF,166,16,2,90,54,41,19,15,3,4,8,3,119,78,49,19,14,17,20
2026-3123,Roehampton 1,Hard,32,C,O,20260817,26,PJ74,,,Lucas Poullain,R,175,FRA,30.7,500,90,GG65,8,,Michael Geerts,R,178,BEL,31.581,339,156,6-7(5) 6-3 7-5,3,QF,166,4,2,100,68,45,16,16,3,7,3,5,110,60,37,23,17,8,15
2026-3123,Roehampton 1,Hard,32,C,O,20260817,27,M0FA,,,Anton Matusevich,R,185,GBR,25.216,350,147,C0RO,,,Mark Ceban,,,GBR,17.429,,,6-4 6-3,3,QF,62,3,0,55,38,27,14,10,1,2,2,4,52,36,21,9,9,1,4
2026-3123,Roehampton 1,Hard,32,C,O,20260817,28,M0NJ,,,Lui Maxted,R,180,GBR,22.708,396,123,B0C0,,,Adrian Boitan,R,185,ROU,27.102,435,108,7-5 6-4,3,QF,97,5,0,64,50,39,7,11,1,1,5,5,74,47,38,8,11,2,4
2026-3123,Roehampton 1,Hard,32,C,O,20260817,29,PJ74,,,Lucas Poullain,R,175,FRA,30.7,500,90,M0NJ,,,Lui Maxted,R,180,GBR,22.708,396,123,6-3 6-2,3,SF,75,2,0,50,39,29,6,9,0,1,0,3,51,34,25,2,8,5,9
2026-3123,Roehampton 1,Hard,32,C,O,20260817,30,T0GR,,,Oliver Tarvet,R,185,GBR,22.801,436,107,M0FA,,,Anton Matusevich,R,185,GBR,25.216,350,147,6-2 2-6 6-2,3,SF,111,13,3,74,43,33,15,12,6,8,1,1,65,36,25,14,12,5,9
2026-3123,Roehampton 1,Hard,32,C,O,20260817,31,T0GR,,,Oliver Tarvet,R,185,GBR,22.801,436,107,PJ74,,,Lucas Poullain,R,175,FRA,30.7,500,90,6-3 6-2,3,F,105,8,3,63,37,28,9,9,7,10,1,1,55,40,19,4,8,3,9
2026-3133,Sion,Clay,32,C,O,20260817,1,GA79,1,,Lorenzo Giustino,R,180,ITA,34.935,198,283,C0GK,,,Thiago Cigarran,R,183,ARG,26.393,687,50,6-4 6-3,3,R32,90,2,4,57,23,19,18,10,0,2,2,3,59,44,24,6,9,6,10
2026-3133,Sion,Clay,32,C,O,20260817,2,KC33,,,Dimitar Kuzmanov,R,183,BUL,33.054,378,131,M0BN,5,,Marvin Moeller,R,178,GER,27.578,319,164,6-3 6-4,3,R32,94,3,3,57,34,28,15,10,0,0,1,3,61,36,30,8,9,3,5
2026-3133,Sion,Clay,32,C,O,20260817,3,S0LA,,,Dominic Stricker,L,183,SUI,24.003,327,161,P0MG,,,Raphael Perot,R,175,FRA,25.131,345,152,7-5 6-3,3,R32,93,8,2,63,32,25,15,10,1,3,2,4,71,44,25,10,11,7,12
2026-3133,Sion,Clay,32,C,O,20260817,4,N0B4,,,Ryan Nijboer,R,180,NED,27.055,504,89,DC48,7,,Murkel Dellien,R,193,BOL,28.917,328,160,6-2 6-1,3,R32,66,1,2,36,19,17,11,7,0,0,1,5,43,22,14,4,8,3,8
2026-3133,Sion,Clay,32,C,O,20260817,5,BU54,,,Geoffrey Blancaneaux,R,180,FRA,28.025,414,116,E0DI,8,,Juan Estevez,R,170,ARG,20.901,329,160,6-1 3-6 7-5,3,R32,143,5,6,91,53,40,18,14,5,7,1,1,91,70,42,11,14,5,9
2026-3133,Sion,Clay,32,C,O,20260817,6,B0TP,,,Henry Bernet,R,191,SUI,19.559,430,110,N830,,,Johan Nikles,R,173,SUI,29.402,412,116,6-3 6-0,3,R32,68,3,5,42,26,22,8,8,1,2,1,0,54,35,17,6,7,7,12
2026-3133,Sion,Clay,32,C,O,20260817,7,B0LW,,,Mika Brunold,R,191,SUI,21.873,417,115,Z09F,,,Patrick Zahraj,R,191,GER,27.086,408,118,7-6(4) 6-1,3,R32,112,4,1,64,47,32,11,9,2,3,3,8,79,52,29,11,10,8,12
2026-3133,Sion,Clay,32,C,O,20260817,8,C0BB,,,Tommaso Compagnucci,R,173,ITA,26.782,358,141,D0I5,,,Max Dahlin,R,188,SWE,20.638,866,28,7-5 6-3,3,R32,88,5,0,63,45,37,10,11,4,4,3,0,72,46,31,14,10,5,7
2026-3133,Sion,Clay,32,C,O,20260817,9,HG94,,,Benjamin Hassan,R,183,LBN,31.532,509,87,O0BE,,,Oleksandr Ovcharenko,R,185,UKR,24.832,613,61,7-6(4) 6-3,3,R32,83,13,5,65,38,32,18,11,2,2,3,2,65,43,35,11,10,3,4
2026-3133,Sion,Clay,32,C,O,20260817,10,M0EY,,,Alex Marti Pujolras,R,185,ESP,27.515,518,83,C0MH,,,Gerard Campana Lee,R,183,KOR,21.875,585,67,7-6(2) 6-3,3,R32,130,4,6,92,55,39,19,11,6,8,2,1,57,36,24,12,10,2,5
2026-3133,Sion,Clay,32,C,O,20260817,11,R0HP,,,Lucio Ratti,R,183,ARG,22.554,380,130,M0UR,,,Ognjen Milic,L,180,SRB,19.154,337,156,6-2 4-6 7-5,3,R32,146,3,2,98,58,40,23,15,1,4,3,3,93,47,31,22,15,8,13
2026-3133,Sion,Clay,32,C,O,20260817,12,S0H1,,,Luca Staeheli,R,180,SUI,26.442,521,81,CO01,,,Andrey Chepelev,L,178,RUS,28.041,353,144,6-3 6-1,3,R32,90,9,2,76,51,36,8,8,4,5,0,1,48,29,13,7,8,3,8
2026-3133,Sion,Clay,32,C,O,20260817,13,V0E3,,,Jeffrey Von Der Schulenburg,R,183,SUI,24.507,927,24,K0BJ,,,Georgii Kravchenko,R,180,UKR,26.053,388,128,6-4 6-3,3,R32,83,2,4,70,40,29,19,10,8,8,6,0,47,32,26,7,9,2,4
2026-3133,Sion,Clay,32,C,O,20260817,14,L0GR,2,,Juan Manuel La Serna,L,188,ARG,22.53,286,193,MJ98,,,Facundo Mena,R,183,ARG,33.9,333,157,6-3 6-3,3,R32,83,0,1,57,39,29,11,9,1,1,1,4,61,34,25,10,9,3,6
2026-3133,Sion,Clay,32,C,O,20260817,15,K0CJ,3,,Sandro Kopp,R,185,AUT,26.226,289,190,W09T,,,Luca Wiedenmann,R,178,GER,28.304,539,77,6-4 6-1,3,R32,77,7,0,43,30,26,7,8,0,0,2,2,57,31,17,13,9,2,6
2026-3133,Sion,Clay,32,C,O,20260817,16,HB48,4,,Calvin Hemery,R,191,FRA,31.551,318,164,W712,,,Kai Wehnelt,R,188,GER,30.721,619,60,6-2 3-6 7-5,3,R32,130,11,6,97,59,38,23,15,10,13,5,3,82,51,34,15,14,6,10
2026-3133,Sion,Clay,32,C,O,20260817,17,GA79,1,,Lorenzo Giustino,R,180,ITA,34.935,198,283,B0TP,,,Henry Bernet,R,191,SUI,19.559,430,110,6-4 3-6 7-6(3),3,R16,157,3,7,98,55,43,24,15,4,5,12,7,102,47,36,32,16,3,4
2026-3133,Sion,Clay,32,C,O,20260817,18,HG94,,,Benjamin Hassan,R,183,LBN,31.532,509,87,K0CJ,3,,Sandro Kopp,R,185,AUT,26.226,289,190,3-6 6-1 6-4,3,R16,119,2,5,86,38,30,27,13,4,5,3,1,78,43,29,19,13,3,6
2026-3133,Sion,Clay,32,C,O,20260817,19,B0LW,,,Mika Brunold,R,191,SUI,21.873,417,115,HB48,4,,Calvin Hemery,R,191,FRA,31.551,318,164,6-3 3-6 6-3,3,R16,167,0,5,93,62,38,16,14,6,10,2,7,99,61,39,13,13,8,13
2026-3133,Sion,Clay,32,C,O,20260817,20,BU54,,,Geoffrey Blancaneaux,R,180,FRA,28.025,414,116,V0E3,,,Jeffrey Von Der Schulenburg,R,183,SUI,24.507,927,24,6-3 6-4,3,R16,105,4,5,64,40,28,16,10,3,4,0,3,60,30,21,13,9,3,6
2026-3133,Sion,Clay,32,C,O,20260817,21,L0GR,2,,Juan Manuel La Serna,L,188,ARG,22.53,286,193,S0H1,,,Luca Staeheli,R,180,SUI,26.442,521,81,6-3 1-1 RET,3,R16,44,1,1,32,22,17,5,6,0,1,0,0,26,19,11,3,5,0,2
2026-3133,Sion,Clay,32,C,O,20260817,22,S0LA,,,Dominic Stricker,L,183,SUI,24.003,327,161,R0HP,,,Lucio Ratti,R,183,ARG,22.554,380,130,6-4 6-4,3,R16,81,4,2,56,32,26,13,10,1,3,1,1,60,39,24,6,10,2,6
2026-3133,Sion,Clay,32,C,O,20260817,23,C0BB,,,Tommaso Compagnucci,R,173,ITA,26.782,358,141,N0B4,,,Ryan Nijboer,R,180,NED,27.055,504,89,6-3 6-2,3,R16,86,4,0,55,41,28,9,9,4,5,3,0,54,33,19,10,8,4,8
2026-3133,Sion,Clay,32,C,O,20260817,24,KC33,,,Dimitar Kuzmanov,R,183,BUL,33.054,378,131,M0EY,,,Alex Marti Pujolras,R,185,ESP,27.515,518,83,6-1 3-6 6-1,3,R16,126,1,2,69,42,30,15,12,0,2,3,2,76,48,29,11,11,2,7
2026-3133,Sion,Clay,32,C,O,20260817,25,GA79,1,,Lorenzo Giustino,R,180,ITA,34.935,198,283,KC33,,,Dimitar Kuzmanov,R,183,BUL,33.054,378,131,6-3 5-7 6-1,3,QF,141,6,4,89,54,41,16,14,4,6,2,2,78,62,41,8,14,5,10
2026-3133,Sion,Clay,32,C,O,20260817,26,C0BB,,,Tommaso Compagnucci,R,173,ITA,26.782,358,141,L0GR,2,,Juan Manuel La Serna,L,188,ARG,22.53,286,193,6-3 6-7(1) 6-4,3,QF,146,5,3,103,65,48,21,16,7,8,0,2,87,54,38,20,15,1,4
2026-3133,Sion,Clay,32,C,O,20260817,27,S0LA,,,Dominic Stricker,L,183,SUI,24.003,327,161,B0LW,,,Mika Brunold,R,191,SUI,21.873,417,115,6-4 7-6(3),3,QF,95,4,1,63,41,32,13,11,3,5,2,1,69,42,29,12,11,2,5
2026-3133,Sion,Clay,32,C,O,20260817,28,HG94,,,Benjamin Hassan,R,183,LBN,31.532,509,87,BU54,,,Geoffrey Blancaneaux,R,180,FRA,28.025,414,116,7-6(4) 4-6 7-6(2),3,QF,179,8,3,119,58,44,38,17,4,6,4,2,102,59,46,28,17,1,2
2026-3133,Sion,Clay,32,C,O,20260817,29,HG94,,,Benjamin Hassan,R,183,LBN,31.532,509,87,GA79,1,,Lorenzo Giustino,R,180,ITA,34.935,198,283,3-6 3-2 RET,3,SF,59,6,1,38,27,21,5,7,2,3,0,1,44,27,21,10,7,0,0
2026-3133,Sion,Clay,32,C,O,20260817,30,S0LA,,,Dominic Stricker,L,183,SUI,24.003,327,161,C0BB,,,Tommaso Compagnucci,R,173,ITA,26.782,358,141,6-2 6-2,3,SF,74,3,2,54,31,26,12,8,5,5,1,2,61,45,25,4,8,5,9
2026-3133,Sion,Clay,32,C,O,20260817,31,S0LA,,,Dominic Stricker,L,183,SUI,24.003,327,161,HG94,,,Benjamin Hassan,R,183,LBN,31.532,509,87,6-1 2-6 6-2,3,F,74,11,0,58,41,33,10,12,1,3,4,3,55,25,19,11,11,0,4
2026-600,Prague,Clay,32,C,O,20260817,1,GB93,,,Norbert Gombos,R,193,SVK,36.011,418,115,B0QC,3,,Gilles Arnaud Bailly,R,180,BEL,20.909,227,245,4-6 6-1 6-4,3,R32,138,8,1,83,45,30,21,14,6,10,2,2,82,60,36,7,13,6,12
2026-600,Prague,Clay,32,C,O,20260817,2,J09X,,,Filip Cristian Jianu,R,180,ROU,24.912,279,197,MF35,,,Andrej Martin,R,183,SVK,36.906,395,123,6-2 6-2,3,R32,76,1,0,46,30,24,9,8,3,3,2,1,63,35,18,13,8,6,10
2026-600,Prague,Clay,32,C,O,20260817,3,K0DP,,,Oleksii Krutykh,R,185,UKR,26.437,522,81,S0LT,,,Daniel Siniakov,R,183,CZE,23.587,458,99,6-3 6-4,3,R32,87,5,2,65,35,28,18,10,5,5,1,1,44,24,17,12,9,1,3
2026-600,Prague,Clay,32,C,O,20260817,4,K0JH,,,Jan Kumstat,R,196,CZE,19.622,336,156,B0OV,,,Petr Brunclik,L,188,CZE,20.085,331,158,7-5 6-1,3,R32,81,10,4,72,38,34,17,10,7,7,6,6,52,29,19,12,9,2,5
2026-600,Prague,Clay,32,C,O,20260817,5,M0SE,,,Maxim Mrva,R,178,CZE,19.042,317,167,F840,,,Nerman Fatic,R,191,BIH,31.814,411,117,2-6 6-2 6-4,3,R32,87,4,0,76,42,25,21,13,2,6,4,2,74,48,29,13,13,2,7
2026-600,Prague,Clay,32,C,O,20260817,6,P0FJ,,,Radu Mihai Papoe,R,183,ROU,23.97,352,145,RB60,,,Oriol Roca Batalla,R,175,ESP,33.298,342,153,6-7(4) 7-5 7-5,3,R32,179,0,3,116,83,45,19,18,4,9,7,1,106,56,38,22,18,3,10
2026-600,Prague,Clay,32,C,O,20260817,7,R0ED,,,Max Hans Rehberg,R,183,GER,22.927,332,158,N0D9,,,Jakub Nicod,R,183,CZE,22.073,724,45,5-3 RET,3,R32,56,1,1,26,17,13,5,4,1,1,3,1,35,19,12,8,4,4,5
2026-600,Prague,Clay,32,C,O,20260817,8,CG33,2,,Kimmer Coppejans,R,178,BEL,32.523,215,260,D0CN,,,Miguel Damas,R,208,ESP,26.656,300,183,7-5 6-1,3,R32,109,3,3,53,24,18,17,9,3,5,2,2,66,45,23,9,10,4,10
2026-600,Prague,Clay,32,C,O,20260817,9,N897,4,,Sumit Nagal,R,178,IND,29.002,235,239,R09V,,,Eduardo Ribeiro,R,178,BRA,28.419,372,134,7-6(5) 6-4,3,R32,106,1,0,75,57,36,12,11,4,6,1,1,73,48,30,12,11,5,8
2026-600,Prague,Clay,32,C,O,20260817,10,C0B2,7,,Cezar Cretu,R,188,ROU,25.314,260,211,F0HO,,,Thomas Faurel,R,178,FRA,20.569,323,162,2-6 6-2 6-4,3,R32,130,2,2,80,49,31,17,13,4,8,3,4,90,53,36,14,13,3,8
2026-600,Prague,Clay,32,C,O,20260817,11,H0A4,,,Nick Hardt,R,185,DOM,25.906,273,202,F0GD,,,Jakub Filip,R,180,CZE,20.893,933,24,6-1 6-2,3,R32,91,0,3,56,36,24,12,8,2,3,2,4,68,37,17,13,7,6,11
2026-600,Prague,Clay,32,C,O,20260817,12,T0DM,,,Juan Bautista Torres,R,178,ARG,24.375,266,208,G09C,,,Marek Gengel,R,185,CZE,30.916,376,131,4-6 6-3 6-3,3,R32,124,3,1,86,62,39,15,14,4,7,0,4,96,53,36,19,14,6,11
2026-600,Prague,Clay,32,C,O,20260817,13,BV25,,,Javier Barranco Cosano,L,180,ESP,27.748,457,99,K0FY,5,,Martin Krumich,R,188,CZE,23.641,249,220,2-6 6-4 6-4,3,R32,140,2,5,98,61,44,15,14,8,11,6,4,75,43,29,22,14,1,4y
2026-600,Prague,Clay,32,C,O,20260817,14,M0AC,,,Rudolf Molleker,R,188,GER,25.807,488,91,S0EK,6,,Matias Soto,R,170,CHI,27.307,256,214,6-3 6-3,3,R32,68,6,3,52,26,18,12,9,2,5,3,3,50,26,16,6,9,3,9
2026-600,Prague,Clay,32,C,O,20260817,15,T0AP,,,Chun-Hsin Tseng,R,175,TPE,25.024,272,202,B0OU,8,,Hynek Barton,R,183,CZE,22.366,263,210,6-4 6-1,3,R32,67,0,1,57,38,30,13,9,2,2,2,0,43,24,13,11,8,2,5
2026-600,Prague,Clay,32,C,O,20260817,16,C0JX,,,Sean Cuenin,R,183,FRA,22.5,301,181,B0C5,,,Florian Broska,R,175,GER,28.624,290,189,6-3 7-5,3,R32,76,3,1,55,40,32,10,11,2,3,2,3,61,30,22,10,10,2,5
2026-600,Prague,Clay,32,C,O,20260817,17,R0ED,,,Max Hans Rehberg,R,183,GER,22.927,332,158,CG33,2,,Kimmer Coppejans,R,178,BEL,32.523,215,260,6-4 6-1,3,R16,80,2,4,57,32,23,15,9,3,4,0,1,46,30,16,7,8,3,7
2026-600,Prague,Clay,32,C,O,20260817,18,K0JH,,,Jan Kumstat,R,196,CZE,19.622,336,156,N897,4,,Sumit Nagal,R,178,IND,29.002,235,239,7-5 6-3,3,R16,89,6,4,71,36,24,20,10,7,9,1,3,62,40,23,9,11,6,11
2026-600,Prague,Clay,32,C,O,20260817,19,M0SE,,,Maxim Mrva,R,178,CZE,19.042,317,167,C0B2,7,,Cezar Cretu,R,188,ROU,25.314,260,211,6-1 6-2,3,R16,73,2,2,51,25,19,18,8,2,2,0,4,56,37,19,8,7,2,6
2026-600,Prague,Clay,32,C,O,20260817,20,GB93,,,Norbert Gombos,R,193,SVK,36.011,418,115,C0JX,,,Sean Cuenin,R,183,FRA,22.5,301,181,6-7(1) 6-3 6-4,3,R16,156,5,6,108,56,45,23,16,6,8,2,3,99,57,41,21,15,7,11
2026-600,Prague,Clay,32,C,O,20260817,21,J09X,,,Filip Cristian Jianu,R,180,ROU,24.912,279,197,M0AC,,,Rudolf Molleker,R,188,GER,25.807,488,91,7-6(9) 6-4,3,R16,100,11,1,68,50,40,13,11,0,0,10,3,81,43,33,22,11,5,6
2026-600,Prague,Clay,32,C,O,20260817,22,K0DP,,,Oleksii Krutykh,R,185,UKR,26.437,522,81,H0A4,,,Nick Hardt,R,185,DOM,25.906,273,202,6-3 6-0,3,R16,74,2,1,44,28,22,10,7,2,2,0,5,57,37,20,6,8,3,8
2026-600,Prague,Clay,32,C,O,20260817,23,P0FJ,,,Radu Mihai Papoe,R,183,ROU,23.97,352,145,BV25,,,Javier Barranco Cosano,L,180,ESP,27.748,457,99,6-4 6-3,3,R16,100,0,1,62,40,25,8,9,2,6,1,7,68,38,18,11,10,3,10
2026-600,Prague,Clay,32,C,O,20260817,24,T0AP,,,Chun-Hsin Tseng,R,175,TPE,25.024,272,202,T0DM,,,Juan Bautista Torres,R,178,ARG,24.375,266,208,7-5 2-6 6-1,3,R16,156,0,0,104,70,40,19,14,5,9,0,1,75,46,27,14,13,3,8
2026-600,Prague,Clay,32,C,O,20260817,25,GB93,,,Norbert Gombos,R,193,SVK,36.011,418,115,P0FJ,,,Radu Mihai Papoe,R,183,ROU,23.97,352,145,6-1 4-6 6-2,3,QF,105,11,1,80,52,41,15,13,6,7,3,1,78,53,31,12,12,4,8
2026-600,Prague,Clay,32,C,O,20260817,26,J09X,,,Filip Cristian Jianu,R,180,ROU,24.912,279,197,R0ED,,,Max Hans Rehberg,R,183,GER,22.927,332,158,6-3 6-4,3,QF,79,0,1,56,34,23,16,10,0,1,1,3,50,29,18,10,9,4,7
2026-600,Prague,Clay,32,C,O,20260817,27,K0JH,,,Jan Kumstat,R,196,CZE,19.622,336,156,M0SE,,,Maxim Mrva,R,178,CZE,19.042,317,167,6-1 7-5,3,QF,68,3,0,49,21,17,18,9,1,2,4,7,64,36,18,13,10,0,5
2026-600,Prague,Clay,32,C,O,20260817,28,T0AP,,,Chun-Hsin Tseng,R,175,TPE,25.024,272,202,K0DP,,,Oleksii Krutykh,R,185,UKR,26.437,522,81,6-2 6-4,3,QF,98,1,0,60,40,26,12,9,4,5,0,4,57,29,17,13,9,2,6
2026-600,Prague,Clay,32,C,O,20260817,29,K0JH,,,Jan Kumstat,R,196,CZE,19.622,336,156,J09X,,,Filip Cristian Jianu,R,180,ROU,24.912,279,197,6-1 6-4,3,SF,51,6,0,41,25,24,13,9,0,0,2,1,46,30,21,6,8,3,6
2026-600,Prague,Clay,32,C,O,20260817,30,T0AP,,,Chun-Hsin Tseng,R,175,TPE,25.024,272,202,GB93,,,Norbert Gombos,R,193,SVK,36.011,418,115,6-4 6-2,3,SF,85,1,0,50,35,29,6,9,2,3,2,3,59,35,23,8,9,5,9
